step,test_acc
500,0.717198697068
1000,0.717198697068
1500,0.717198697068
2000,0.717198697068
2500,0.717198697068
3000,0.717198697068
3500,0.717198697068
